category,MAE,RMSE,R2,SMAPE
Beauty,30.031150817871094,32.760923005493524,0.42491358518600464,14.407079540211694
Clothing,26.062000274658203,32.127420415871,0.7478603720664978,4.416842023820091
Electronics,32.12080001831055,39.67789622974925,0.7812659740447998,3.397727287669783
